{
  "speedMultiplier": 1.0,
  "description": "No description provided.",
  "robotScheduledActions": [],
  "title": "untitled",
  "controlPoints": [
    {
      "headingDerivativeEdited": false,
      "field_dX": 0.0,
      "fieldY": -7.5472709923664105,
      "field_dY": 0.0,
      "fieldX": -0.2814217557251908,
      "fieldHeading": -2.1025937856063392,
      "time": 0.0,
      "field_dHeading": -0.05997068626320293,
      "derivativesEdited": false
    },
    {
      "robotActionCommand": "AutoShootCommand",
      "headingDerivativeEdited": true,
      "field_dX": 0.0,
      "fieldY": -7.424253308128543,
      "field_dY": 0.0,
      "fieldX": -0.11534971644612568,
      "fieldHeading": -2.15711259130016,
      "time": 0.25,
      "field_dHeading": 0.0,
      "derivativesEdited": true,
      "robotActionDuration": 1.5
    },
    {
      "headingDerivativeEdited": true,
      "field_dX": 0.7305482041587901,
      "fieldY": -4.617410207939508,
      "field_dY": 2.9990926275992447,
      "fieldX": 2.5473062381852536,
      "fieldHeading": -3.14159,
      "time": 3.1,
      "field_dHeading": 0.0,
      "derivativesEdited": true
    },
    {
      "headingDerivativeEdited": true,
      "field_dX": 0.0,
      "fieldY": -0.9262192816635155,
      "field_dY": 0.1,
      "fieldX": 3.373979206049148,
      "fieldHeading": -3.14159,
      "time": 4.800000000000001,
      "field_dHeading": 0.0,
      "derivativesEdited": true
    }
  ]
}